dx,dy,rx,ry,button,time,distance,directionX,directionY,targetX,targetY,targetSize,initMouseX,initMouseY,targetID
0,0,-0.0,-0.0,0,0.3437206745147705,492.9771366573236,269,425,1217,973,20,948,548,1
2,0,1.5800000429153442,-0.0,0,0.34862756729125977,492.4430315966179,268,425,1217,973,20,948,548,1
3,-2,2.6199998259544373,-1.7466665506362915,0,0.3537557125091553,492.2270402915399,266,426,1217,973,20,948,548,1
4,-1,3.680000066757202,-0.9200000166893005,0,0.36179256439208984,490.64458451080844,263,426,1217,973,20,948,548,1
2,-2,1.5800000429153442,-1.5800000429153442,0,0.3699157238006592,490.97205510886533,262,427,1217,973,20,948,548,1
0,1,-0.0,0.6899999976158142,0,0.4418056011199951,490.97205510886533,262,427,1217,973,20,948,548,1
1,3,0.8733332753181458,2.6199998259544373,0,0.44969654083251953,489.2684648563336,262,425,1217,973,20,948,548,1
1,4,0.9200000166893005,3.680000066757202,0,0.45777463912963867,486.7172233776477,262,422,1217,973,20,948,548,1
1,4,0.9200000166893005,3.680000066757202,0,0.46572065353393555,484.17102302745354,262,419,1217,973,20,948,548,1
1,4,0.9200000166893005,3.680000066757202,0,0.473827600479126,481.62994213127416,262,416,1217,973,20,948,548,1
0,4,-0.0,3.680000066757202,0,0.4819457530975342,479.0940604832571,262,413,1217,973,20,948,548,1
0,4,-0.0,3.680000066757202,0,0.489804744720459,476.56345937606125,262,410,1217,973,20,948,548,1
-1,5,-1.0119999647140503,5.0599998235702515,0,0.4978785514831543,472.90164630077624,263,405,1217,973,20,948,548,1
0,7,-0.0,8.260000467300415,0,0.5058295726776123,466.21213760256046,263,397,1217,973,20,948,548,1
0,7,-0.0,8.260000467300415,0,0.5138566493988037,459.56362721147815,263,389,1217,973,20,948,548,1
0,6,-0.0,6.670000076293945,0,0.5218355655670166,454.6052087525494,263,383,1217,973,20,948,548,1
1,5,1.0119999647140503,5.0599998235702515,0,0.5299227237701416,449.92173247195007,262,378,1217,973,20,948,548,1
3,6,3.3350000381469727,6.670000076293945,0,0.5377657413482666,443.28247263709636,259,372,1217,973,20,948,548,1
5,4,5.558333396911621,4.446666717529297,0,0.5459556579589844,437.14650842872516,254,368,1217,973,20,948,548,1
5,6,5.900000333786011,7.080000400543213,0,0.5541987419128418,428.545322629258,249,361,1217,973,20,948,548,1
7,5,8.62749969959259,6.162499785423279,0,0.5618877410888672,419.0757508878823,241,355,1217,973,20,948,548,1
5,6,5.900000333786011,7.080000400543213,0,0.5696325302124023,410.47592083257274,236,348,1217,973,20,948,548,1
5,6,5.900000333786011,7.080000400543213,0,0.5778605937957764,401.8761949906792,231,341,1217,973,20,948,548,1
2,6,2.2233333587646484,6.670000076293945,0,0.5857555866241455,395.79058638662383,229,335,1217,973,20,948,548,1
2,7,2.3600001335144043,8.260000467300415,0,0.5938496589660645,388.0678334153615,227,327,1217,973,20,948,548,1
0,8,-0.0,9.859999656677246,0,0.6018826961517334,380.7083311115851,227,318,1217,973,20,948,548,1
0,9,-0.0,11.459999799728394,0,0.6102297306060791,371.80885269988175,227,307,1217,973,20,948,548,1
0,8,-0.0,9.859999656677246,0,0.6178135871887207,364.61046434930245,227,298,1217,973,20,948,548,1
1,8,1.2324999570846558,9.859999656677246,0,0.6257526874542236,356.87463798959993,226,289,1217,973,20,948,548,1
5,7,6.162499785423279,8.62749969959259,0,0.633779764175415,346.87672941787616,220,281,1217,973,20,948,548,1
6,9,7.835999965667725,11.753999948501587,0,0.6417596340179443,333.9026024908797,213,270,1217,973,20,948,548,1
7,10,9.479166388511658,13.541666269302368,0,0.649843692779541,318.12345237730267,204,257,1217,973,20,948,548,1
7,9,9.322726726531982,11.986362934112549,0,0.6577615737915039,303.91240816508036,195,246,1217,973,20,948,548,1
9,11,13.030714273452759,15.92642855644226,0,0.6659805774688721,284.0833215264001,182,231,1217,973,20,948,548,1
10,12,15.726666450500488,18.871999740600586,0,0.6739397048950195,260.66215102965543,167,213,1217,973,20,948,548,1
11,14,19.528236031532288,24.854118585586548,0,0.6817927360534668,230.05207768315609,148,189,1217,973,20,948,548,1
12,13,21.30353021621704,23.078824400901794,0,0.689781665802002,199.0095691589263,127,166,1217,973,20,948,548,1
11,12,18.47999942302704,20.15999937057495,0,0.6979227066040039,172.20043907740728,109,146,1217,973,20,948,548,1
11,10,15.92642855644226,14.47857141494751,0,0.7058677673339844,152.04937519163718,94,132,1217,973,20,948,548,1
8,9,10.833333015441895,12.187499642372131,0,0.7140395641326904,136.47866738880444,84,120,1217,973,20,948,548,1
6,7,7.639999866485596,8.913333177566528,0,0.7218306064605713,125.91541487263319,77,112,1217,973,20,948,548,1
6,6,7.394999742507935,7.394999742507935,0,0.729886531829834,116.19429464123962,70,105,1217,973,20,948,548,1
5,5,5.900000333786011,5.900000333786011,0,0.7377195358276367,109.26860441876563,65,100,1217,973,20,948,548,1
4,3,4.047999858856201,3.035999894142151,0,0.7457647323608398,104.58621208504974,61,97,1217,973,20,948,548,1
4,3,4.047999858856201,3.035999894142151,0,0.7538516521453857,99.9317970379817,57,94,1217,973,20,948,548,1
3,3,2.7600000500679016,2.7600000500679016,0,0.7619256973266602,97.18675291284833,55,92,1217,973,20,948,548,1
3,1,2.6199998259544373,0.8733332753181458,0,0.7697086334228516,96.17438485811914,53,92,1217,973,20,948,548,1
4,2,3.680000066757202,1.840000033378601,0,0.7778725624084473,93.83159442096611,50,91,1217,973,20,948,548,1
2,0,1.5800000429153442,-0.0,0,0.7857067584991455,93.3537614216338,49,91,1217,973,20,948,548,1
3,1,2.6199998259544373,0.8733332753181458,0,0.7937207221984863,92.42070103255493,47,91,1217,973,20,948,548,1
2,1,1.5800000429153442,0.7900000214576721,0,0.8017287254333496,91.96568050084302,46,91,1217,973,20,948,548,1
3,0,2.6199998259544373,-0.0,0,0.8098256587982178,91.07917688624102,44,91,1217,973,20,948,548,1
4,0,3.680000066757202,-0.0,0,0.8180005550384521,89.80981915623332,41,91,1217,973,20,948,548,1
5,1,5.0599998235702515,1.0119999647140503,0,0.8259155750274658,86.93296652842108,36,90,1217,973,20,948,548,1
8,2,9.859999656677246,2.4649999141693115,0,0.8337795734405518,82.04890004774636,27,88,1217,973,20,948,548,1
10,2,13.059999942779541,2.611999988555908,0,0.8418126106262207,77.13208364316786,14,86,1217,973,20,948,548,1
11,2,14.649999141693115,2.6636362075805664,0,0.8498497009277344,74.0,0,84,1217,973,20,948,548,1
9,5,11.753999948501587,6.5299999713897705,0,0.8577995300292969,68.77182237323191,-11,78,1217,973,20,948,548,1
8,5,10.186666488647461,6.366666555404663,0,0.8657586574554443,65.0,-21,72,1217,973,20,948,548,1
7,7,8.913333177566528,8.913333177566528,0,0.8738665580749512,60.26378868236469,-29,64,1217,973,20,948,548,1
7,7,8.913333177566528,8.913333177566528,0,0.8817875385284424,57.11929677819934,-37,56,1217,973,20,948,548,1
7,7,8.913333177566528,8.913333177566528,0,0.8899016380310059,55.79513659838392,-45,48,1217,973,20,948,548,1
7,8,9.141999959945679,10.447999954223633,0,0.897803544998169,56.03029607687671,-54,38,1217,973,20,948,548,1
6,6,7.394999742507935,7.394999742507935,0,0.905909538269043,58.425141578224014,-61,31,1217,973,20,948,548,1
4,5,4.446666717529297,5.558333396911621,0,0.9139785766601562,60.00714249274856,-65,26,1217,973,20,948,548,1
2,4,1.840000033378601,3.680000066757202,0,0.9216506481170654,59.89277502002621,-66,23,1217,973,20,948,548,1
0,3,-0.0,2.6199998259544373,0,0.9299695491790771,59.26037828369117,-66,21,1217,973,20,948,548,1
0,2,-0.0,1.5800000429153442,0,0.9377646446228027,58.963758598266665,-66,20,1217,973,20,948,548,1
-2,3,-1.7466665506362915,2.6199998259544373,0,0.9457137584686279,57.446274915668994,-65,18,1217,973,20,948,548,1
-3,3,-2.7600000500679016,2.7600000500679016,0,0.9536967277526855,55.0,-63,16,1217,973,20,948,548,1
-2,3,-1.7466665506362915,2.6199998259544373,0,0.9629065990447998,53.56099432828282,-62,14,1217,973,20,948,548,1
-1,2,-0.7900000214576721,1.5800000429153442,0,0.9698026180267334,53.34824385884742,-62,13,1217,973,20,948,548,1
-1,2,-0.7900000214576721,1.5800000429153442,0,0.9778726100921631,53.150613615387776,-62,12,1217,973,20,948,548,1
-1,2,-0.7900000214576721,1.5800000429153442,0,0.9857215881347656,52.96824596572466,-62,11,1217,973,20,948,548,1
0,1,-0.0,0.6899999976158142,0,0.9937045574188232,52.96824596572466,-62,11,1217,973,20,948,548,1
-1,2,-0.7900000214576721,1.5800000429153442,0,1.0017285346984863,52.80127387243033,-62,10,1217,973,20,948,548,1
-1,2,-0.7900000214576721,1.5800000429153442,0,1.009718656539917,52.64982043070834,-62,9,1217,973,20,948,548,1
-1,1,-0.6899999976158142,0.6899999976158142,0,1.0178875923156738,52.64982043070834,-62,9,1217,973,20,948,548,1
0,1,-0.0,0.6899999976158142,0,1.0258727073669434,52.64982043070834,-62,9,1217,973,20,948,548,1
0,2,-0.0,1.5800000429153442,0,1.0338566303253174,52.51399843235114,-62,8,1217,973,20,948,548,1
-2,3,-1.7466665506362915,2.6199998259544373,0,1.0417726039886475,51.29437168288782,-61,6,1217,973,20,948,548,1
-1,0,-0.6899999976158142,-0.0,0,1.049837589263916,51.29437168288782,-61,6,1217,973,20,948,548,1
-1,1,-0.6899999976158142,0.6899999976158142,0,1.0576865673065186,51.29437168288782,-61,6,1217,973,20,948,548,1
-3,1,-2.6199998259544373,0.8733332753181458,0,1.065781593322754,49.30430001273095,-59,6,1217,973,20,948,548,1
-4,0,-3.680000066757202,-0.0,0,1.0738787651062012,46.32051136131489,-56,6,1217,973,20,948,548,1
-4,0,-3.680000066757202,-0.0,0,1.0817487239837646,43.33854141237835,-53,6,1217,973,20,948,548,1
-5,0,-5.0599998235702515,-0.0,0,1.0897276401519775,38.373546489791295,-48,6,1217,973,20,948,548,1
-6,-1,-6.670000076293945,-1.1116666793823242,0,1.0980126857757568,32.579337712087536,-42,7,1217,973,20,948,548,1
-6,-2,-6.670000076293945,-2.2233333587646484,0,1.1061327457427979,27.107950630558946,-36,9,1217,973,20,948,548,1
-5,-1,-5.0599998235702515,-1.0119999647140503,0,1.1139576435089111,22.57299494980466,-31,10,1217,973,20,948,548,1
-4,-1,-3.680000066757202,-0.9200000166893005,0,1.1219837665557861,19.732137494637012,-28,10,1217,973,20,948,548,1
-2,-1,-1.5800000429153442,-0.7900000214576721,0,1.1301536560058594,18.792360097775937,-27,10,1217,973,20,948,548,1
-2,0,-1.5800000429153442,-0.0,0,1.1377227306365967,17.85677655436824,-26,10,1217,973,20,948,548,1
-2,0,-1.5800000429153442,-0.0,0,1.1457726955413818,16.92582403567252,-25,10,1217,973,20,948,548,1
-3,-1,-2.6199998259544373,-0.8733332753181458,0,1.1537456512451172,15.079872407968907,-23,10,1217,973,20,948,548,1
-3,-1,-2.6199998259544373,-0.8733332753181458,0,1.1622157096862793,13.259406699226016,-21,10,1217,973,20,948,548,1
-4,0,-3.680000066757202,-0.0,0,1.169745683670044,10.591260281974002,-18,10,1217,973,20,948,548,1
-4,-1,-3.680000066757202,-0.9200000166893005,0,1.1780245304107666,8.027756377319946,-15,10,1217,973,20,948,548,1
-6,0,-6.670000076293945,-0.0,0,1.1857376098632812,3.45362404707371,-9,10,1217,973,20,948,548,1
-4,0,-3.680000066757202,-0.0,0,1.1938896179199219,1.6619037896906015,-6,10,1217,973,20,948,548,1
-4,1,-3.680000066757202,0.9200000166893005,0,1.201880693435669,0.4403065089105507,-3,10,1217,973,20,948,548,1
-2,1,-1.5800000429153442,0.7900000214576721,0,1.2098307609558105,0.19803902718556898,-2,10,1217,973,20,948,548,1
0,1,-0.0,0.6899999976158142,0,1.2177135944366455,0.19803902718556898,-2,10,1217,973,20,948,548,1
-2,1,-1.5800000429153442,0.7900000214576721,0,1.2258076667785645,0.049875621120889946,-1,10,1217,973,20,948,548,1
-1,0,-0.6899999976158142,-0.0,0,1.233696699142456,0.049875621120889946,-1,10,1217,973,20,948,548,1
-1,1,-0.6899999976158142,0.6899999976158142,0,1.2416455745697021,0.049875621120889946,-1,10,1217,973,20,948,548,1
-2,0,-1.5800000429153442,-0.0,0,1.2499127388000488,0.0,0,10,1217,973,20,948,548,1
0,1,-0.0,0.6899999976158142,0,1.2579185962677002,0.0,0,10,1217,973,20,948,548,1
-1,0,-0.6899999976158142,-0.0,0,1.2658476829528809,0.0,0,10,1217,973,20,948,548,1
0,2,-0.0,1.5800000429153442,0,1.2737185955047607,-1.0,0,9,1217,973,20,948,548,1
0,2,-0.0,1.5800000429153442,0,1.2818107604980469,-2.0,0,8,1217,973,20,948,548,1
1,1,0.6899999976158142,0.6899999976158142,0,1.2898106575012207,-2.0,0,8,1217,973,20,948,548,1
1,2,0.7900000214576721,1.5800000429153442,0,1.297891616821289,-3.0,0,7,1217,973,20,948,548,1
1,1,0.6899999976158142,0.6899999976158142,0,1.3057796955108643,-3.0,0,7,1217,973,20,948,548,1
0,0,-0.0,-0.0,1,1.3122365474700928,-3.0,0,7,1217,973,20,948,548,1
1,0,0.6899999976158142,-0.0,1,1.3160157203674316,-3.0,0,7,1217,973,20,948,548,1
0,1,-0.0,0.6899999976158142,1,-0.0002167224884033203,605.9604187668223,-606,-126,611,840,27,1217,966,2
0,0,-0.0,-0.0,0,0.06226539611816406,605.9604187668223,-606,-126,611,840,27,1217,966,2
0,-1,-0.0,-0.6899999976158142,0,0.07999038696289062,605.9604187668223,-606,-126,611,840,27,1217,966,2
-1,-1,-0.6899999976158142,-0.6899999976158142,0,0.16779828071594238,605.9604187668223,-606,-126,611,840,27,1217,966,2
-1,-2,-0.7900000214576721,-1.5800000429153442,0,0.17593646049499512,605.757626215629,-606,-125,611,840,27,1217,966,2
-2,-4,-1.840000033378601,-3.680000066757202,0,0.1839604377746582,604.1782562598912,-605,-122,611,840,27,1217,966,2
-3,-4,-3.035999894142151,-4.047999858856201,0,0.19209647178649902,600.4557848777694,-602,-118,611,840,27,1217,966,2
-4,-6,-4.720000267028809,-7.080000400543213,0,0.19973230361938477,595.2146002851297,-598,-111,611,840,27,1217,966,2
-10,-6,-13.318181037902832,-7.990908622741699,0,0.20799040794372559,581.1725338653748,-585,-104,611,840,27,1217,966,2
-13,-7,-18.822142839431763,-10.134999990463257,0,0.2159254550933838,561.7390712314589,-567,-94,611,840,27,1217,966,2
-14,-5,-20.269999980926514,-7.239285707473755,0,0.2239375114440918,540.8754372600396,-547,-87,611,840,27,1217,966,2
-11,-3,-14.649999141693115,-3.9954543113708496,0,0.23192143440246582,526.5785392322418,-533,-84,611,840,27,1217,966,2
-12,-1,-16.249999523162842,-1.3541666269302368,0,0.23985743522644043,510.620091287567,-517,-83,611,840,27,1217,966,2
-13,0,-17.84999990463257,-0.0,0,0.24795842170715332,493.8421845111159,-500,-83,611,840,27,1217,966,2
-15,0,-23.589999675750732,-0.0,0,0.25594449043273926,471.1673264482022,-477,-83,611,840,27,1217,966,2
-19,0,-36.77999985218048,-0.0,0,0.26386237144470215,435.7426879627121,-441,-83,611,840,27,1217,966,2
-20,0,-40.08999824523926,-0.0,0,0.27193450927734375,396.49969474958095,-401,-83,611,840,27,1217,966,2
-22,0,-46.69000005722046,-0.0,0,0.27989745140075684,351.5737236828787,-355,-83,611,840,27,1217,966,2
-24,0,-53.29000282287598,-0.0,0,0.287961483001709,300.1980204279714,-302,-83,611,840,27,1217,966,2
-24,0,-53.29000282287598,-0.0,0,0.2962474822998047,249.4690457939755,-249,-83,611,840,27,1217,966,2
-22,0,-46.69000005722046,-0.0,0,0.3037593364715576,206.31256233968907,-203,-83,611,840,27,1217,966,2
-18,0,-33.4900016784668,-0.0,0,0.31247448921203613,176.17980864775183,-170,-83,611,840,27,1217,966,2
-16,0,-26.8799991607666,-0.0,0,0.3197662830352783,153.20770138594662,-144,-83,611,840,27,1217,966,2
-12,-2,-16.249999523162842,-2.7083332538604736,0,0.3280043601989746,138.47607071745688,-128,-81,611,840,27,1217,966,2
-8,-3,-9.859999656677246,-3.6974998712539673,0,0.33584046363830566,129.28492541376264,-119,-78,611,840,27,1217,966,2
-6,-3,-6.670000076293945,-3.3350000381469727,0,0.34385228157043457,122.6244815658294,-113,-75,611,840,27,1217,966,2
-4,-4,-4.047999858856201,-4.047999858856201,0,0.3521144390106201,117.08458786497346,-109,-71,611,840,27,1217,966,2
-3,-4,-3.035999894142151,-4.047999858856201,0,0.3599543571472168,112.39936203984452,-106,-67,611,840,27,1217,966,2
-3,-5,-3.035999894142151,-5.0599998235702515,0,0.3678934574127197,107.22063050907694,-103,-62,611,840,27,1217,966,2
-1,-4,-0.9200000166893005,-3.680000066757202,0,0.3760852813720703,105.70130580579136,-103,-59,611,840,27,1217,966,2
-3,-3,-2.7600000500679016,-2.7600000500679016,0,0.3839714527130127,102.97413504743201,-101,-57,611,840,27,1217,966,2
-2,-2,-1.5800000429153442,-1.5800000429153442,0,0.39195942878723145,101.61239025515522,-100,-56,611,840,27,1217,966,2
-1,-1,-0.6899999976158142,-0.6899999976158142,0,0.4002113342285156,101.61239025515522,-100,-56,611,840,27,1217,966,2
-1,0,-0.6899999976158142,-0.0,0,0.41605448722839355,101.61239025515522,-100,-56,611,840,27,1217,966,2
-1,0,-0.6899999976158142,-0.0,0,0.42390942573547363,101.61239025515522,-100,-56,611,840,27,1217,966,2
-2,0,-1.5800000429153442,-0.0,0,0.4319033622741699,100.74093370462545,-99,-56,611,840,27,1217,966,2
-3,-1,-2.6199998259544373,-0.8733332753181458,0,0.4398365020751953,99.0044641967453,-97,-56,611,840,27,1217,966,2
-5,-1,-5.0599998235702515,-1.0119999647140503,0,0.44773149490356445,94.18675291284833,-92,-55,611,840,27,1217,966,2
-7,-2,-8.260000467300415,-2.3600001335144043,0,0.455829381942749,86.32270636667126,-84,-53,611,840,27,1217,966,2
-9,-4,-11.459999799728394,-5.0933332443237305,0,0.464078426361084,74.36704184073076,-73,-48,611,840,27,1217,966,2
-9,-4,-11.459999799728394,-5.0933332443237305,0,0.47202134132385254,62.45197147855052,-62,-43,611,840,27,1217,966,2
-7,-3,-8.260000467300415,-3.5400002002716064,0,0.48006534576416016,54.201190465645766,-54,-40,611,840,27,1217,966,2
-4,-2,-3.680000066757202,-1.840000033378601,0,0.48786044120788574,51.20280367709809,-51,-39,611,840,27,1217,966,2
-3,-2,-2.6199998259544373,-1.7466665506362915,0,0.495882511138916,49.00806399170998,-49,-38,611,840,27,1217,966,2
-3,-2,-2.6199998259544373,-1.7466665506362915,0,0.5039153099060059,46.81638571495272,-47,-37,611,840,27,1217,966,2
-2,-2,-1.5800000429153442,-1.5800000429153442,0,0.5120053291320801,45.412327466040935,-46,-36,611,840,27,1217,966,2
-3,-3,-2.7600000500679016,-2.7600000500679016,0,0.5199224948883057,42.60575509783138,-44,-34,611,840,27,1217,966,2
-3,-3,-2.7600000500679016,-2.7600000500679016,0,0.5279414653778076,39.80151512977634,-42,-32,611,840,27,1217,966,2
-2,-3,-1.7466665506362915,-2.6199998259544373,0,0.535879373550415,37.80354318352215,-41,-30,611,840,27,1217,966,2
-3,-3,-2.7600000500679016,-2.7600000500679016,0,0.54372239112854,35.010415536631214,-39,-28,611,840,27,1217,966,2
-4,-3,-4.047999858856201,-3.035999894142151,0,0.5516934394836426,30.011626335213137,-35,-25,611,840,27,1217,966,2
-2,-2,-1.5800000429153442,-1.5800000429153442,0,0.5600883960723877,28.617304093369626,-34,-24,611,840,27,1217,966,2
-3,0,-2.6199998259544373,-0.0,0,0.5679013729095459,27.0,-32,-24,611,840,27,1217,966,2
-3,-1,-2.6199998259544373,-0.8733332753181458,0,0.5758514404296875,25.41874542459709,-30,-24,611,840,27,1217,966,2
-3,-1,-2.6199998259544373,-0.8733332753181458,0,0.5838363170623779,23.87817782917155,-28,-24,611,840,27,1217,966,2
-3,-1,-2.6199998259544373,-0.8733332753181458,0,0.5920484066009521,22.383612025908263,-26,-24,611,840,27,1217,966,2
-2,0,-1.5800000429153442,-0.0,0,0.5999252796173096,21.655446902326915,-25,-24,611,840,27,1217,966,2
-2,-1,-1.5800000429153442,-0.7900000214576721,0,0.6080033779144287,20.941125496954278,-24,-24,611,840,27,1217,966,2
-2,0,-1.5800000429153442,-0.0,0,0.6159393787384033,20.241540277189323,-23,-24,611,840,27,1217,966,2
-2,-1,-1.5800000429153442,-0.7900000214576721,0,0.6239304542541504,19.557641192199412,-22,-24,611,840,27,1217,966,2
-2,0,-1.5800000429153442,-0.0,0,0.6317675113677979,18.89043743820395,-21,-24,611,840,27,1217,966,2
-3,-1,-2.6199998259544373,-0.8733332753181458,0,0.6399364471435547,17.610455730027933,-19,-24,611,840,27,1217,966,2
-2,-1,-1.5800000429153442,-0.7900000214576721,0,0.6477494239807129,17.0,-18,-24,611,840,27,1217,966,2
-4,-1,-3.680000066757202,-0.9200000166893005,0,0.6559205055236816,15.301943396169811,-15,-24,611,840,27,1217,966,2
-3,-1,-2.6199998259544373,-0.8733332753181458,0,0.663893461227417,14.294688127912362,-13,-24,611,840,27,1217,966,2
-3,-2,-2.6199998259544373,-1.7466665506362915,0,0.6719884872436523,12.495097567963924,-11,-23,611,840,27,1217,966,2
-2,-2,-1.5800000429153442,-1.5800000429153442,0,0.6798794269561768,11.166091947189145,-10,-22,611,840,27,1217,966,2
-2,-2,-1.5800000429153442,-1.5800000429153442,0,0.6879425048828125,9.847319317591726,-9,-21,611,840,27,1217,966,2
-1,-3,-0.8733332753181458,-2.6199998259544373,0,0.6958425045013428,8.02379604162864,-9,-19,611,840,27,1217,966,2
-1,-2,-0.7900000214576721,-1.5800000429153442,0,0.7038993835449219,7.124611797498108,-9,-18,611,840,27,1217,966,2
0,-3,-0.0,-2.6199998259544373,0,0.7119143009185791,5.3575597506858195,-9,-16,611,840,27,1217,966,2
-1,-1,-0.6899999976158142,-0.6899999976158142,0,0.7198693752288818,5.3575597506858195,-9,-16,611,840,27,1217,966,2
0,0,-0.0,-0.0,1,0.7422235012054443,5.3575597506858195,-9,-16,611,840,27,1217,966,2
0,0,-0.0,-0.0,0,0.07029581069946289,1320.0922874288474,1149,-707,1769,149,59,620,856,3
1,-1,0.6899999976158142,-0.6899999976158142,0,0.17113280296325684,1320.0922874288474,1149,-707,1769,149,59,620,856,3
6,-2,6.670000076293945,-2.2233333587646484,0,0.17925786972045898,1313.93484577622,1143,-705,1769,149,59,620,856,3
7,-4,8.62749969959259,-4.929999828338623,0,0.1871938705444336,1305.0262366235531,1135,-701,1769,149,59,620,856,3
10,-5,13.318181037902832,-6.659090518951416,0,0.19531869888305664,1290.814002047258,1122,-695,1769,149,59,620,856,3
16,-7,28.404706954956055,-12.427059292793274,0,0.20327067375183105,1260.6995774210366,1094,-683,1769,149,59,620,856,3
21,-9,44.5677273273468,-19.100454568862915,0,0.21109580993652344,1213.3348984875213,1050,-664,1769,149,59,620,856,3
26,-12,61.74071407318115,-28.49571418762207,0,0.21933484077453613,1146.84735403878,989,-636,1769,149,59,620,856,3
28,-16,69.73749732971191,-39.849998474121094,0,0.22722768783569336,1067.7264927957199,920,-597,1769,149,59,620,856,3
33,-20,86.41658163070679,-52.37368583679199,0,0.23519277572631836,967.2835941638305,834,-545,1769,149,59,620,856,3
36,-19,95.48999691009521,-50.39749836921692,0,0.24321484565734863,860.4638834713863,739,-495,1769,149,59,620,856,3
38,-19,101.97571086883545,-50.987855434417725,0,0.2510507106781006,748.8618129205213,638,-445,1769,149,59,620,856,3
38,-17,101.41365242004395,-45.36926555633545,0,0.2592458724975586,640.6036140882156,537,-400,1769,149,59,620,856,3
39,-19,105.21837186813354,-51.26023244857788,0,0.26707983016967773,526.3602434456395,432,-349,1769,149,59,620,856,3
34,-17,89.03526592254639,-44.51763296127319,0,0.2753477096557617,429.99237466432925,343,-305,1769,149,59,620,856,3
30,-17,76.1470627784729,-43.150002241134644,0,0.28336286544799805,345.0761954468635,267,-262,1769,149,59,620,856,3
25,-16,60.172414779663086,-38.510345458984375,0,0.2914717197418213,276.0,207,-224,1769,149,59,620,856,3
19,-15,42.18791890144348,-33.306251764297485,0,0.29909181594848633,223.40047543536838,165,-191,1769,149,59,620,856,3
14,-12,26.047779083251953,-22.32666778564453,0,0.3073287010192871,189.81956036881164,139,-169,1769,149,59,620,856,3
12,-11,20.15999937057495,-18.47999942302704,0,0.31524181365966797,163.25503894566717,119,-151,1769,149,59,620,856,3
11,-9,15.92642855644226,-13.030714273452759,0,0.3231527805328369,143.80046296234278,104,-138,1769,149,59,620,856,3
9,-9,12.187499642372131,-12.187499642372131,0,0.33112668991088867,127.01281998605114,92,-126,1769,149,59,620,856,3
9,-7,11.986362934112549,-9.322726726531982,0,0.3392167091369629,113.30249470757707,81,-117,1769,149,59,620,856,3
8,-7,10.447999954223633,-9.141999959945679,0,0.3471238613128662,100.24782396620841,71,-108,1769,149,59,620,856,3
8,-6,10.447999954223633,-7.835999965667725,0,0.3552107810974121,88.99152511939153,61,-101,1769,149,59,620,856,3
7,-7,8.913333177566528,-8.913333177566528,0,0.3635067939758301,78.0420478129973,53,-93,1769,149,59,620,856,3
6,-7,7.639999866485596,-8.913333177566528,0,0.37103772163391113,67.64884893261792,46,-85,1769,149,59,620,856,3
6,-6,7.394999742507935,-7.394999742507935,0,0.3790578842163086,58.20665112249179,39,-78,1769,149,59,620,856,3
5,-6,5.900000333786011,-7.080000400543213,0,0.3871726989746094,49.721026416072604,34,-71,1769,149,59,620,856,3
5,-5,5.900000333786011,-5.900000333786011,0,0.39528489112854004,43.09022125087424,29,-66,1769,149,59,620,856,3
4,-4,4.047999858856201,-4.047999858856201,0,0.40322375297546387,37.85057965343307,25,-62,1769,149,59,620,856,3
4,-5,4.446666717529297,-5.558333396911621,0,0.4111146926879883,31.74537019394976,21,-57,1769,149,59,620,856,3
4,-6,4.720000267028809,-7.080000400543213,0,0.41925787925720215,23.810983706043572,17,-50,1769,149,59,620,856,3
5,-6,5.900000333786011,-7.080000400543213,0,0.42724180221557617,15.643028571099428,12,-43,1769,149,59,620,856,3
5,-6,5.900000333786011,-7.080000400543213,0,0.4354257583618164,7.674241641784498,7,-36,1769,149,59,620,856,3
6,-8,7.835999965667725,-10.447999954223633,0,0.4432718753814697,-3.0,0,-26,1769,149,59,620,856,3
7,-7,8.913333177566528,-8.913333177566528,0,0.4514617919921875,-9.302284396407792,-8,-18,1769,149,59,620,856,3
6,-8,7.835999965667725,-10.447999954223633,0,0.45946383476257324,-12.0,-15,-8,1769,149,59,620,856,3
7,-8,9.141999959945679,-10.447999954223633,0,0.4671616554260254,-4.9168108424154084,-24,2,1769,149,59,620,856,3
5,-7,6.162499785423279,-8.62749969959259,0,0.47547173500061035,2.6227766016837926,-30,10,1769,149,59,620,856,3
4,-6,4.720000267028809,-7.080000400543213,0,0.483325719833374,9.013155617496423,-34,17,1769,149,59,620,856,3
2,-4,1.840000033378601,-3.680000066757202,0,0.491621732711792,11.311288741492746,-35,20,1769,149,59,620,856,3
1,-4,0.9200000166893005,-3.680000066757202,0,0.4992048740386963,12.880783182743848,-35,23,1769,149,59,620,856,3
0,-3,-0.0,-2.6199998259544373,0,0.5075588226318359,14.011626335213137,-35,25,1769,149,59,620,856,3
0,-2,-0.0,-1.5800000429153442,0,0.5150878429412842,14.60045871318328,-35,26,1769,149,59,620,856,3
0,-2,-0.0,-1.5800000429153442,0,0.5232417583465576,15.204072210600685,-35,27,1769,149,59,620,856,3
-2,-2,-1.5800000429153442,-1.5800000429153442,0,0.5312416553497314,15.045431091090478,-34,28,1769,149,59,620,856,3
-1,-1,-0.6899999976158142,-0.6899999976158142,0,0.5392518043518066,15.045431091090478,-34,28,1769,149,59,620,856,3
-1,-1,-0.6899999976158142,-0.6899999976158142,0,0.5471088886260986,15.045431091090478,-34,28,1769,149,59,620,856,3
-1,0,-0.6899999976158142,-0.0,0,0.5552008152008057,15.045431091090478,-34,28,1769,149,59,620,856,3
-1,0,-0.6899999976158142,-0.0,0,0.5632686614990234,15.045431091090478,-34,28,1769,149,59,620,856,3
-2,-1,-1.5800000429153442,-0.7900000214576721,0,0.5711987018585205,14.278170016764804,-33,28,1769,149,59,620,856,3
-1,0,-0.6899999976158142,-0.0,0,0.57918381690979,14.278170016764804,-33,28,1769,149,59,620,856,3
0,0,-0.0,-0.0,1,0.6115727424621582,14.278170016764804,-33,28,1769,149,59,620,856,3
0,0,-0.0,-0.0,0,0.08198976516723633,210.13207836444238,-130,209,1672,330,72,1802,121,4
-1,1,-0.6899999976158142,0.6899999976158142,0,0.11173772811889648,210.13207836444238,-130,209,1672,330,72,1802,121,4
-2,3,-1.7466665506362915,2.6199998259544373,0,0.1201486587524414,207.90571949013415,-129,207,1672,330,72,1802,121,4
-2,4,-1.840000033378601,3.680000066757202,0,0.12848782539367676,204.8318915758459,-128,204,1672,330,72,1802,121,4
-2,5,-2.0239999294281006,5.0599998235702515,0,0.13565373420715332,199.53555994796199,-126,199,1672,330,72,1802,121,4
-2,6,-2.2233333587646484,6.670000076293945,0,0.14397382736206055,193.40139493908924,-124,193,1672,330,72,1802,121,4
-3,7,-3.5400002002716064,8.260000467300415,0,0.15174174308776855,185.05655384991417,-121,185,1672,330,72,1802,121,4
-5,7,-6.162499785423279,8.62749969959259,0,0.15964984893798828,175.0781845667619,-115,177,1672,330,72,1802,121,4
-6,9,-7.835999965667725,11.753999948501587,0,0.16788673400878906,162.04039991880444,-108,166,1672,330,72,1802,121,4
-8,11,-10.984615325927734,15.103846073150635,0,0.17585968971252441,144.01388835309348,-98,151,1672,330,72,1802,121,4
-11,15,-20.46611213684082,27.908334732055664,0,0.1839606761932373,110.49232061783991,-78,124,1672,330,72,1802,121,4
-16,18,-35.526668548583984,39.96750211715698,0,0.1918787956237793,59.25754563287887,-43,85,1672,330,72,1802,121,4
-20,20,-47.49285697937012,47.49285697937012,0,0.19974684715270996,2.209946349085598,4,38,1672,330,72,1802,121,4
-21,19,-49.86749982833862,45.11821413040161,0,0.20777177810668945,17.46026561849464,53,-7,1672,330,72,1802,121,4
-16,17,-34.77565383911133,36.949132204055786,0,0.21570372581481934,61.04638066409278,87,-43,1672,330,72,1802,121,4
-13,12,-23.078824400901794,21.30353021621704,0,0.22369885444641113,91.26350615946427,110,-64,1672,330,72,1802,121,4
-9,8,-12.187499642372131,10.833333015441895,0,0.2318897247314453,106.68847185389575,122,-74,1672,330,72,1802,121,4
-6,5,-7.080000400543213,5.900000333786011,0,0.24011778831481934,115.26797413861269,129,-79,1672,330,72,1802,121,4
-5,4,-5.558333396911621,4.446666717529297,0,0.24782967567443848,121.62296786953354,134,-83,1672,330,72,1802,121,4
-2,2,-1.5800000429153442,1.5800000429153442,0,0.255753755569458,123.0,135,-84,1672,330,72,1802,121,4
-1,1,-0.6899999976158142,0.6899999976158142,0,0.2640087604522705,123.0,135,-84,1672,330,72,1802,121,4
-1,2,-0.7900000214576721,1.5800000429153442,0,0.27185869216918945,123.53056133543816,135,-85,1672,330,72,1802,121,4
0,1,-0.0,0.6899999976158142,0,0.2797276973724365,123.53056133543816,135,-85,1672,330,72,1802,121,4
1,0,0.6899999976158142,-0.0,0,0.3198997974395752,123.53056133543816,135,-85,1672,330,72,1802,121,4
1,0,0.6899999976158142,-0.0,0,0.32770776748657227,123.53056133543816,135,-85,1672,330,72,1802,121,4
2,-1,1.5800000429153442,-0.7900000214576721,0,0.3357248306274414,122.68522300453813,134,-85,1672,330,72,1802,121,4
3,-2,2.6199998259544373,-1.7466665506362915,0,0.3438527584075928,120.46085772486356,132,-84,1672,330,72,1802,121,4
3,-2,2.6199998259544373,-1.7466665506362915,0,0.35167884826660156,118.23683088030563,130,-83,1672,330,72,1802,121,4
3,-2,2.6199998259544373,-1.7466665506362915,0,0.3597137928009033,116.01315732527891,128,-82,1672,330,72,1802,121,4
3,-2,2.6199998259544373,-1.7466665506362915,0,0.36768364906311035,113.78985279383915,126,-81,1672,330,72,1802,121,4
2,-1,1.5800000429153442,-0.7900000214576721,0,0.3758077621459961,112.94965592440957,125,-81,1672,330,72,1802,121,4
2,-2,1.5800000429153442,-1.5800000429153442,0,0.38370180130004883,111.56693396557372,124,-80,1672,330,72,1802,121,4
2,-2,1.5800000429153442,-1.5800000429153442,0,0.3919658660888672,110.18481453283715,123,-79,1672,330,72,1802,121,4
2,-2,1.5800000429153442,-1.5800000429153442,0,0.3997316360473633,108.80331487918363,122,-78,1672,330,72,1802,121,4
2,-2,1.5800000429153442,-1.5800000429153442,0,0.4077427387237549,107.42245291445826,121,-77,1672,330,72,1802,121,4
2,-4,1.840000033378601,-3.680000066757202,0,0.4158058166503906,104.98226838861686,120,-74,1672,330,72,1802,121,4
3,-4,3.035999894142151,-4.047999858856201,0,0.4237496852874756,100.34148304899725,117,-70,1672,330,72,1802,121,4
4,-6,4.720000267028809,-7.080000400543213,0,0.43175268173217773,93.37542270462347,113,-63,1672,330,72,1802,121,4
3,-6,3.3350000381469727,-6.670000076293945,0,0.4402048587799072,87.89108119634763,110,-57,1672,330,72,1802,121,4
4,-6,4.720000267028809,-7.080000400543213,0,0.44802284240722656,81.2006825918689,106,-50,1672,330,72,1802,121,4
3,-7,3.5400002002716064,-8.260000467300415,0,0.4558286666870117,75.23398761170077,103,-42,1672,330,72,1802,121,4
4,-7,4.929999828338623,-8.62749969959259,0,0.46387481689453125,68.67568963231147,99,-34,1672,330,72,1802,121,4
4,-7,4.929999828338623,-8.62749969959259,0,0.4718208312988281,62.493654617949886,95,-26,1672,330,72,1802,121,4
4,-5,4.446666717529297,-5.558333396911621,0,0.47975873947143555,57.39164844888434,91,-21,1672,330,72,1802,121,4
4,-4,4.047999858856201,-4.047999858856201,0,0.48799777030944824,52.64536084872124,87,-17,1672,330,72,1802,121,4
3,-3,2.7600000500679016,-2.7600000500679016,0,0.4956986904144287,50.313382508160345,85,-15,1672,330,72,1802,121,4
2,-1,1.5800000429153442,-0.7900000214576721,0,0.5037026405334473,49.328775919967356,84,-15,1672,330,72,1802,121,4
2,-1,1.5800000429153442,-0.7900000214576721,0,0.5116996765136719,48.34453153583817,83,-15,1672,330,72,1802,121,4
1,-1,0.6899999976158142,-0.6899999976158142,0,0.520094633102417,48.34453153583817,83,-15,1672,330,72,1802,121,4
1,0,0.6899999976158142,-0.0,0,0.527606725692749,48.34453153583817,83,-15,1672,330,72,1802,121,4
1,0,0.6899999976158142,-0.0,0,0.5517368316650391,48.34453153583817,83,-15,1672,330,72,1802,121,4
2,-1,1.5800000429153442,-0.7900000214576721,0,0.559849739074707,47.36066218546971,82,-15,1672,330,72,1802,121,4
3,0,2.6199998259544373,-0.0,0,0.5677556991577148,45.39410298049853,80,-15,1672,330,72,1802,121,4
1,0,0.6899999976158142,-0.0,0,0.5761716365814209,45.39410298049853,80,-15,1672,330,72,1802,121,4
2,0,1.5800000429153442,-0.0,0,0.5839686393737793,44.4114419718985,79,-15,1672,330,72,1802,121,4
2,-1,1.5800000429153442,-0.7900000214576721,0,0.5917787551879883,43.42921376924235,78,-15,1672,330,72,1802,121,4
3,0,2.6199998259544373,-0.0,0,0.5997757911682129,41.466121627457255,76,-15,1672,330,72,1802,121,4
1,-1,0.6899999976158142,-0.6899999976158142,0,0.6077907085418701,41.466121627457255,76,-15,1672,330,72,1802,121,4
2,0,1.5800000429153442,-0.0,0,0.6157617568969727,40.48529270389177,75,-15,1672,330,72,1802,121,4
1,0,0.6899999976158142,-0.0,0,0.6239497661590576,40.48529270389177,75,-15,1672,330,72,1802,121,4
1,0,0.6899999976158142,-0.0,0,0.6316947937011719,40.48529270389177,75,-15,1672,330,72,1802,121,4
0,-1,-0.0,-0.6899999976158142,0,0.6477236747741699,40.48529270389177,75,-15,1672,330,72,1802,121,4
0,0,-0.0,-0.0,1,0.6510536670684814,40.48529270389177,75,-15,1672,330,72,1802,121,4
2,0,1.5800000429153442,-0.0,1,0.6725187301635742,39.504966724050675,74,-15,1672,330,72,1802,121,4
2,-1,1.5800000429153442,-0.7900000214576721,1,0.6797168254852295,38.52516353554684,73,-15,1672,330,72,1802,121,4
2,0,1.5800000429153442,-0.0,1,0.6879167556762695,37.545904032787575,72,-15,1672,330,72,1802,121,4
0,0,-0.0,-0.0,0,0.6892366409301758,37.545904032787575,72,-15,1672,330,72,1802,121,4
2,-1,1.5800000429153442,-0.7900000214576721,0,0.6961097717285156,36.56721022610694,71,-15,1672,330,72,1802,121,4
2,0,1.5800000429153442,-0.0,0,0.7037827968597412,35.58910531638176,70,-15,1672,330,72,1802,121,4
3,-1,2.6199998259544373,-0.8733332753181458,0,0.7116446495056152,33.63476143421474,68,-15,1672,330,72,1802,121,4
2,0,1.5800000429153442,-0.0,0,0.7199068069458008,32.65857557508748,67,-15,1672,330,72,1802,121,4
2,-1,1.5800000429153442,-0.7900000214576721,0,0.7278897762298584,31.683085036070864,66,-15,1672,330,72,1802,121,4
2,0,1.5800000429153442,-0.0,0,0.7356817722320557,30.70832032063167,65,-15,1672,330,72,1802,121,4
1,-1,0.6899999976158142,-0.6899999976158142,0,0.7437326908111572,30.70832032063167,65,-15,1672,330,72,1802,121,4
2,0,1.5800000429153442,-0.0,0,0.7516658306121826,29.73431371817918,64,-15,1672,330,72,1802,121,4
1,0,0.6899999976158142,-0.0,0,0.7678937911987305,29.73431371817918,64,-15,1672,330,72,1802,121,4
1,-1,0.6899999976158142,-0.6899999976158142,0,0.7758357524871826,29.73431371817918,64,-15,1672,330,72,1802,121,4
1,0,0.6899999976158142,-0.0,0,0.840012788772583,29.73431371817918,64,-15,1672,330,72,1802,121,4
1,0,0.6899999976158142,-0.0,0,0.8476517200469971,29.73431371817918,64,-15,1672,330,72,1802,121,4
1,0,0.6899999976158142,-0.0,0,0.8559257984161377,29.73431371817918,64,-15,1672,330,72,1802,121,4
2,0,1.5800000429153442,-0.0,0,0.8636608123779297,28.76109943476871,63,-15,1672,330,72,1802,121,4
3,0,2.6199998259544373,-0.0,0,0.8724017143249512,26.81719509815764,61,-15,1672,330,72,1802,121,4
2,0,1.5800000429153442,-0.0,0,0.8797266483306885,25.846584384264908,60,-15,1672,330,72,1802,121,4
3,1,2.6199998259544373,0.8733332753181458,0,0.8878636360168457,23.908263203000637,58,-15,1672,330,72,1802,121,4
2,1,1.5800000429153442,0.7900000214576721,0,0.8958897590637207,22.9406481131655,57,-15,1672,330,72,1802,121,4
0,0,-0.0,-0.0,1,0.9008736610412598,22.9406481131655,57,-15,1672,330,72,1802,121,4
1,1,0.6899999976158142,0.6899999976158142,1,-0.0033042430877685547,1348.1410926529895,-1295,483,320,828,68,1615,345,5
2,1,1.5800000429153442,0.7900000214576721,1,0.004523754119873047,1349.0780889017076,-1296,483,320,828,68,1615,345,5
1,1,0.6899999976158142,0.6899999976158142,1,0.012729883193969727,1349.0780889017076,-1296,483,320,828,68,1615,345,5
1,0,0.6899999976158142,-0.0,1,0.020483732223510742,1349.0780889017076,-1296,483,320,828,68,1615,345,5
1,0,0.6899999976158142,-0.0,1,0.02846670150756836,1349.0780889017076,-1296,483,320,828,68,1615,345,5
1,0,0.6899999976158142,-0.0,1,0.04460477828979492,1349.0780889017076,-1296,483,320,828,68,1615,345,5
0,0,-0.0,-0.0,0,0.11068081855773926,1349.0780889017076,-1296,483,320,828,68,1615,345,5
0,2,-0.0,1.5800000429153442,0,0.156524658203125,1348.729185343247,-1296,482,320,828,68,1615,345,5
-2,1,-1.5800000429153442,0.7900000214576721,0,0.16459083557128906,1347.7919525022571,-1295,482,320,828,68,1615,345,5
-4,2,-3.680000066757202,1.840000033378601,0,0.17254376411437988,1344.6315678962237,-1292,481,320,828,68,1615,345,5
-6,4,-7.080000400543213,4.720000267028809,0,0.18066883087158203,1336.6764753215837,-1285,477,320,828,68,1615,345,5
-8,3,-9.859999656677246,3.6974998712539673,0,0.1885988712310791,1327.195063170595,-1276,474,320,828,68,1615,345,5
-10,4,-13.059999942779541,5.223999977111816,0,0.1967296600341797,1313.2676051920791,-1263,469,320,828,68,1615,345,5
-12,5,-16.4769229888916,6.865384578704834,0,0.20449376106262207,1296.1796871099784,-1247,463,320,828,68,1615,345,5
-13,4,-17.84999990463257,5.492307662963867,0,0.21255874633789062,1278.5029523776318,-1230,458,320,828,68,1615,345,5
-14,6,-22.017333030700684,9.435999870300293,0,0.22063779830932617,1254.745514056208,-1208,449,320,828,68,1615,345,5
-15,6,-25.19999921321869,10.079999685287476,0,0.22849273681640625,1227.8280389973904,-1183,439,320,828,68,1615,345,5
-14,5,-20.269999980926514,7.239285707473755,0,0.2366788387298584,1206.6421724252323,-1163,432,320,828,68,1615,345,5
-15,6,-25.19999921321869,10.079999685287476,0,0.2444748878479004,1179.7248452594188,-1138,422,320,828,68,1615,345,5
-17,6,-31.629446029663086,11.163333892822266,0,0.2524876594543457,1146.8344507169495,-1107,411,320,828,68,1615,345,5
-24,5,-53.29000282287598,11.102083921432495,0,0.26074886322021484,1093.3491029845193,-1054,400,320,828,68,1615,345,5
-28,4,-66.48999977111816,9.498571395874023,0,0.26855969429016113,1028.555880883448,-988,391,320,828,68,1615,345,5
-30,5,-73.1000018119812,12.1833336353302,0,0.2764737606048584,956.3867931268065,-915,379,320,828,68,1615,345,5
-31,4,-76.40000104904175,9.858064651489258,0,0.2847318649291992,882.9629218239961,-839,370,320,828,68,1615,345,5
-31,4,-76.40000104904175,9.858064651489258,0,0.29276371002197266,810.0912272971447,-763,361,320,828,68,1615,345,5
-31,4,-76.40000104904175,9.858064651489258,0,0.3005838394165039,737.9281054606057,-687,352,320,828,68,1615,345,5
-30,3,-73.1000018119812,7.31000018119812,0,0.30901074409484863,670.2875833067058,-614,345,320,828,68,1615,345,5
-26,2,-59.890000343322754,4.6069231033325195,0,0.3167688846588135,617.3877493474988,-555,341,320,828,68,1615,345,5
-24,3,-53.29000282287598,6.661250352859497,0,0.3245377540588379,569.5138772223884,-502,335,320,828,68,1615,345,5
-23,3,-49.990002393722534,6.520435094833374,0,0.33271169662475586,525.8660554096846,-453,329,320,828,68,1615,345,5
-19,3,-36.77999985218048,5.8073683977127075,0,0.3404548168182373,494.076698974685,-417,324,320,828,68,1615,345,5
-17,4,-30.180001139640808,7.101176738739014,0,0.34874987602233887,466.2579334703249,-387,317,320,828,68,1615,345,5
-12,4,-16.249999523162842,5.416666507720947,0,0.3567357063293457,450.7525141760484,-371,312,320,828,68,1615,345,5
-9,4,-11.459999799728394,5.0933332443237305,0,0.3647618293762207,439.1268328894484,-360,307,320,828,68,1615,345,5
-6,5,-7.080000400543213,5.900000333786011,0,0.37265777587890625,430.5567780153466,-353,302,320,828,68,1615,345,5
-5,4,-5.558333396911621,4.446666717529297,0,0.38056087493896484,424.1571782696414,-348,298,320,828,68,1615,345,5
-2,4,-1.840000033378601,3.680000066757202,0,0.3887217044830322,421.44922878406544,-347,295,320,828,68,1615,345,5
-3,3,-2.7600000500679016,2.7600000500679016,0,0.39669275283813477,418.63009179682257,-345,293,320,828,68,1615,345,5
-1,5,-1.0119999647140503,5.0599998235702515,0,0.40445780754089355,414.6423965699185,-344,288,320,828,68,1615,345,5
-2,4,-1.840000033378601,3.680000066757202,0,0.4128596782684326,411.9529123124996,-343,285,320,828,68,1615,345,5
-2,4,-1.840000033378601,3.680000066757202,0,0.42055368423461914,409.26966961433305,-342,282,320,828,68,1615,345,5
-4,5,-4.446666717529297,5.558333396911621,0,0.42871570587158203,403.0045766350737,-338,277,320,828,68,1615,345,5
-4,6,-4.720000267028809,7.080000400543213,0,0.43649768829345703,395.4834106225757,-334,270,320,828,68,1615,345,5
-7,7,-8.913333177566528,8.913333177566528,0,0.44499683380126953,384.2343840479881,-326,262,320,828,68,1615,345,5
-8,12,-11.582857131958008,17.37428569793701,0,0.45267772674560547,365.06139878469827,-315,245,320,828,68,1615,345,5
-11,13,-19.528236031532288,23.078824400901794,0,0.4604818820953369,336.0,-296,222,320,828,68,1615,345,5
-12,11,-20.15999937057495,18.47999942302704,0,0.46851587295532227,309.2083915058022,-276,204,320,828,68,1615,345,5
-15,11,-27.908334732055664,20.46611213684082,0,0.476442813873291,275.6078164387973,-249,184,320,828,68,1615,345,5
-15,10,-27.908334732055664,18.60555648803711,0,0.4845707416534424,243.20028860013838,-222,166,320,828,68,1615,345,5
-15,11,-27.908334732055664,20.46611213684082,0,0.4927518367767334,209.6000821017924,-195,146,320,828,68,1615,345,5
-14,9,-23.519999265670776,15.119999527931213,0,0.5006048679351807,182.20592036297248,-172,131,320,828,68,1615,345,5
-12,8,-17.37428569793701,11.582857131958008,0,0.5089118480682373,162.02295783912658,-155,120,320,828,68,1615,345,5
-10,8,-13.541666269302368,10.833333015441895,0,0.5174527168273926,145.62182495454164,-142,110,320,828,68,1615,345,5
-7,7,-8.913333177566528,8.913333177566528,0,0.524695873260498,134.40427548016706,-134,102,320,828,68,1615,345,5
-6,5,-7.080000400543213,5.900000333786011,0,0.5325717926025391,125.80613254815975,-127,97,320,828,68,1615,345,5
-4,5,-4.446666717529297,5.558333396911621,0,0.5407547950744629,119.60013020827813,-123,92,320,828,68,1615,345,5
-4,4,-4.047999858856201,4.047999858856201,0,0.5486617088317871,114.00337833982033,-119,88,320,828,68,1615,345,5
-4,5,-4.446666717529297,5.558333396911621,0,0.5567178726196289,107.8238343861849,-115,83,320,828,68,1615,345,5
-4,3,-4.047999858856201,3.035999894142151,0,0.5645396709442139,102.82470537150812,-111,80,320,828,68,1615,345,5
-5,4,-5.558333396911621,4.446666717529297,0,0.5726258754730225,96.43005788544295,-106,76,320,828,68,1615,345,5
-6,4,-7.080000400543213,4.720000267028809,0,0.5808138847351074,88.41323457861898,-99,72,320,828,68,1615,345,5
-7,4,-8.62749969959259,4.929999828338623,0,0.5885937213897705,79.6001760562016,-91,68,320,828,68,1615,345,5
-8,5,-10.186666488647461,6.366666555404663,0,0.5968837738037109,68.00490184299969,-81,62,320,828,68,1615,345,5
-8,2,-9.859999656677246,2.4649999141693115,0,0.6044867038726807,59.72299611087985,-72,60,320,828,68,1615,345,5
-7,4,-8.62749969959259,4.929999828338623,0,0.6126358509063721,51.0411665018772,-64,56,320,828,68,1615,345,5
-8,3,-9.859999656677246,3.6974998712539673,0,0.6205368041992188,42.380625815713245,-55,53,320,828,68,1615,345,5
-6,3,-6.670000076293945,3.3350000381469727,0,0.6286168098449707,36.00714249274856,-49,50,320,828,68,1615,345,5
-6,2,-6.670000076293945,2.2233333587646484,0,0.6373288631439209,30.4437739428721,-43,48,320,828,68,1615,345,5
-5,2,-5.0599998235702515,2.0239999294281006,0,0.6445267200469971,25.665735560705194,-38,46,320,828,68,1615,345,5
-4,3,-4.047999858856201,3.035999894142151,0,0.6526138782501221,20.817880294662984,-34,43,320,828,68,1615,345,5
-4,2,-3.680000066757202,1.840000033378601,0,0.6606848239898682,18.201532544552748,-31,42,320,828,68,1615,345,5
-3,2,-2.6199998259544373,1.7466665506362915,0,0.6684718132019043,16.219518117958877,-29,41,320,828,68,1615,345,5
-3,2,-2.6199998259544373,1.7466665506362915,0,0.6769008636474609,14.259714048054619,-27,40,320,828,68,1615,345,5
-2,2,-1.5800000429153442,1.5800000429153442,0,0.6847097873687744,12.872166581031863,-26,39,320,828,68,1615,345,5
-2,1,-1.5800000429153442,0.7900000214576721,0,0.6927096843719482,12.324939287601879,-25,39,320,828,68,1615,345,5
-1,1,-0.6899999976158142,0.6899999976158142,0,0.7004656791687012,12.324939287601879,-25,39,320,828,68,1615,345,5
-1,0,-0.6899999976158142,-0.0,0,0.7084918022155762,12.324939287601879,-25,39,320,828,68,1615,345,5
-1,1,-0.6899999976158142,0.6899999976158142,0,0.7165946960449219,12.324939287601879,-25,39,320,828,68,1615,345,5
-1,1,-0.6899999976158142,0.6899999976158142,0,0.724463701248169,12.324939287601879,-25,39,320,828,68,1615,345,5
-1,2,-0.7900000214576721,1.5800000429153442,0,0.7325098514556885,11.486261662176638,-25,38,320,828,68,1615,345,5
-2,3,-1.7466665506362915,2.6199998259544373,0,0.7409117221832275,9.266615305567875,-24,36,320,828,68,1615,345,5
-3,3,-2.7600000500679016,2.7600000500679016,0,0.7487678527832031,6.496913462633174,-22,34,320,828,68,1615,345,5
-2,3,-1.7466665506362915,2.6199998259544373,0,0.7564568519592285,4.275318418009277,-21,32,320,828,68,1615,345,5
-1,3,-0.8733332753181458,2.6199998259544373,0,0.7646598815917969,2.6196668472011098,-21,30,320,828,68,1615,345,5
-2,2,-1.5800000429153442,1.5800000429153442,0,0.7724988460540771,1.2278299076170711,-20,29,320,828,68,1615,345,5
-2,3,-1.7466665506362915,2.6199998259544373,0,0.7806107997894287,-0.9848519615616453,-19,27,320,828,68,1615,345,5
-3,3,-2.7600000500679016,2.7600000500679016,0,0.7886137962341309,-3.767567084338051,-17,25,320,828,68,1615,345,5
-2,3,-1.7466665506362915,2.6199998259544373,0,0.7971127033233643,-5.9821485477562,-16,23,320,828,68,1615,345,5
-2,3,-1.7466665506362915,2.6199998259544373,0,0.8047988414764404,-8.19302419887212,-15,21,320,828,68,1615,345,5
-2,2,-1.5800000429153442,1.5800000429153442,0,0.8124446868896484,-9.586888768532596,-14,20,320,828,68,1615,345,5
0,0,-0.0,-0.0,1,0.8204987049102783,-9.586888768532596,-14,20,320,828,68,1615,345,5
0,1,-0.0,0.6899999976158142,1,-0.0019788742065429688,764.2826131468651,555,-571,889,237,64,334,808,6
1,0,0.6899999976158142,-0.0,1,0.061852216720581055,764.2826131468651,555,-571,889,237,64,334,808,6
0,0,-0.0,-0.0,0,0.06739115715026855,764.2826131468651,555,-571,889,237,64,334,808,6
2,-1,1.5800000429153442,-0.7900000214576721,0,0.07245421409606934,763.5859475883168,554,-571,889,237,64,334,808,6
2,-2,1.5800000429153442,-1.5800000429153442,0,0.07791423797607422,762.1718957505359,553,-570,889,237,64,334,808,6
4,-2,3.680000066757202,-1.840000033378601,0,0.08624720573425293,759.3665396009613,550,-569,889,237,64,334,808,6
4,-3,4.047999858856201,-3.035999894142151,0,0.09407210350036621,754.4299078748213,546,-566,889,237,64,334,808,6
6,-2,6.670000076293945,-2.2233333587646484,0,0.10192322731018066,748.8303272798771,540,-564,889,237,64,334,808,6
7,-4,8.62749969959259,-4.929999828338623,0,0.10993313789367676,740.4143965514884,532,-560,889,237,64,334,808,6
8,-4,9.859999656677246,-4.929999828338623,0,0.11792826652526855,731.3249635640118,523,-556,889,237,64,334,808,6
10,-3,13.059999942779541,-3.9179999828338623,0,0.12583613395690918,720.2692337188861,510,-553,889,237,64,334,808,6
15,-4,23.589999675750732,-6.290666580200195,0,0.13393712043762207,700.3783175381423,487,-547,889,237,64,334,808,6
17,-5,30.180001139640808,-8.876470923423767,0,0.202714204788208,674.6611635005846,457,-539,889,237,64,334,808,6
19,-4,36.77999985218048,-7.743157863616943,0,0.20273709297180176,646.4283307763613,421,-532,889,237,64,334,808,6
20,-5,40.08999824523926,-10.022499561309814,0,0.24226617813110352,614.2545937941177,381,-522,889,237,64,334,808,6
20,-6,40.08999824523926,-12.026999473571777,0,0.24734807014465332,581.4989812542478,341,-510,889,237,64,334,808,6
20,-7,41.32380962371826,-14.463333368301392,0,0.2473771572113037,547.6688709944669,300,-496,889,237,64,334,808,6
20,-9,41.32380962371826,-18.595714330673218,0,0.24740004539489746,511.65890041458897,259,-478,889,237,64,334,808,6
21,-9,44.5677273273468,-19.100454568862915,0,0.24757122993469238,474.8589547398763,215,-459,889,237,64,334,808,6
19,-10,39.25761914253235,-20.66190481185913,0,0.2475900650024414,440.9661721518781,176,-439,889,237,64,334,808,6
16,-11,30.972631454467773,-21.293684124946594,0,0.247603178024292,410.76404551408643,146,-418,889,237,64,334,808,6
13,-13,24.187223434448242,-24.187223434448242,0,0.24766206741333008,380.45605826560484,122,-394,889,237,64,334,808,6
9,-13,14.15399980545044,-20.444666385650635,0,0.24767518043518066,357.2813892289227,108,-374,889,237,64,334,808,6
7,-14,11.008666515350342,-22.017333030700684,0,0.24768924713134766,333.1205280451922,97,-352,889,237,64,334,808,6
5,-13,6.865384578704834,-17.84999990463257,0,0.24773311614990234,315.1397413146469,91,-335,889,237,64,334,808,6
3,-13,4.1192307472229,-17.84999990463257,0,0.24776911735534668,297.6862144524699,87,-318,889,237,64,334,808,6
3,-11,3.9954543113708496,-14.649999141693115,0,0.25383424758911133,283.3918198051433,84,-304,889,237,64,334,808,6
2,-10,2.611999988555908,-13.059999942779541,0,0.26180219650268555,270.33259830855155,82,-291,889,237,64,334,808,6
2,-11,2.6636362075805664,-14.649999141693115,0,0.26987123489379883,256.3210016630769,80,-277,889,237,64,334,808,6
0,-12,-0.0,-16.249999523162842,0,0.2779111862182617,240.98534759213726,80,-261,889,237,64,334,808,6
0,-11,-0.0,-14.649999141693115,0,0.28587913513183594,227.63243248870123,80,-247,889,237,64,334,808,6
1,-10,1.305999994277954,-13.059999942779541,0,0.29386019706726074,214.9757073074192,79,-234,889,237,64,334,808,6
0,-9,-0.0,-11.459999799728394,0,0.30223703384399414,204.57979626333267,79,-223,889,237,64,334,808,6
2,-8,2.4649999141693115,-9.859999656677246,0,0.309981107711792,195.43130831088317,77,-214,889,237,64,334,808,6
1,-11,1.3318181037902832,-14.649999141693115,0,0.3180582523345947,181.95326592506132,76,-200,889,237,64,334,808,6
2,-11,2.6636362075805664,-14.649999141693115,0,0.32579612731933594,168.17991907281808,74,-186,889,237,64,334,808,6
2,-11,2.6636362075805664,-14.649999141693115,0,0.3338961601257324,154.46179233290664,72,-172,889,237,64,334,808,6
1,-10,1.305999994277954,-13.059999942779541,0,0.3420262336730957,142.13213373757299,71,-159,889,237,64,334,808,6
3,-9,3.819999933242798,-11.459999799728394,0,0.3499462604522705,130.87418457201866,68,-148,889,237,64,334,808,6
3,-7,3.5400002002716064,-8.260000467300415,0,0.35817718505859375,122.35349040433132,65,-140,889,237,64,334,808,6
4,-8,4.929999828338623,-9.859999656677246,0,0.3659791946411133,112.50605523645021,61,-131,889,237,64,334,808,6
7,-10,9.479166388511658,-13.541666269302368,0,0.37389111518859863,96.94960255851896,52,-118,889,237,64,334,808,6
8,-10,10.833333015441895,-13.541666269302368,0,0.38201212882995605,81.08846094982458,42,-105,889,237,64,334,808,6
8,-9,10.833333015441895,-12.187499642372131,0,0.3898050785064697,66.35141076771599,32,-93,889,237,64,334,808,6
10,-9,13.730769157409668,-12.357692241668701,0,0.3980872631072998,51.19855767980596,19,-81,889,237,64,334,808,6
9,-7,11.986362934112549,-9.322726726531982,0,0.40613508224487305,40.44308110509934,8,-72,889,237,64,334,808,6
10,-6,13.318181037902832,-7.990908622741699,0,0.4140622615814209,33.19202405202648,-5,-65,889,237,64,334,808,6
10,-4,13.059999942779541,-5.223999977111816,0,0.4218251705169678,30.6418390534633,-18,-60,889,237,64,334,808,6
10,-4,13.059999942779541,-5.223999977111816,0,0.4301431179046631,31.134776470658387,-31,-55,889,237,64,334,808,6
10,-3,13.059999942779541,-3.9179999828338623,0,0.43810009956359863,36.11754546370561,-44,-52,889,237,64,334,808,6
8,-3,9.859999656677246,-3.6974998712539673,0,0.4459841251373291,40.180329730474355,-53,-49,889,237,64,334,808,6
7,-3,8.260000467300415,-3.5400002002716064,0,0.4539172649383545,44.40026177965623,-61,-46,889,237,64,334,808,6
4,-3,4.047999858856201,-3.035999894142151,0,0.4618661403656006,45.93587107359485,-65,-43,889,237,64,334,808,6
1,-1,0.6899999976158142,-0.6899999976158142,0,0.4698350429534912,45.93587107359485,-65,-43,889,237,64,334,808,6
0,-1,-0.0,-0.6899999976158142,0,0.4781472682952881,45.93587107359485,-65,-43,889,237,64,334,808,6
0,-1,-0.0,-0.6899999976158142,0,0.4859461784362793,45.93587107359485,-65,-43,889,237,64,334,808,6
0,-2,-0.0,-1.5800000429153442,0,0.4940922260284424,45.38862965578342,-65,-42,889,237,64,334,808,6
0,-1,-0.0,-0.6899999976158142,0,0.5021991729736328,45.38862965578342,-65,-42,889,237,64,334,808,6
0,-1,-0.0,-0.6899999976158142,0,0.5099461078643799,45.38862965578342,-65,-42,889,237,64,334,808,6
0,-1,-0.0,-0.6899999976158142,0,0.5180470943450928,45.38862965578342,-65,-42,889,237,64,334,808,6
-1,-1,-0.6899999976158142,-0.6899999976158142,0,0.5257432460784912,45.38862965578342,-65,-42,889,237,64,334,808,6
-1,-1,-0.6899999976158142,-0.6899999976158142,0,0.5338211059570312,45.38862965578342,-65,-42,889,237,64,334,808,6
-2,-2,-1.5800000429153442,-1.5800000429153442,0,0.5419921875,44.006578662639456,-64,-41,889,237,64,334,808,6
-2,-1,-1.5800000429153442,-0.7900000214576721,0,0.5500271320343018,43.166481891864535,-63,-41,889,237,64,334,808,6
-2,-1,-1.5800000429153442,-0.7900000214576721,0,0.5578391551971436,42.330343736592525,-62,-41,889,237,64,334,808,6
-2,-1,-1.5800000429153442,-0.7900000214576721,0,0.5662481784820557,41.49829930005184,-61,-41,889,237,64,334,808,6
-3,-1,-2.6199998259544373,-0.8733332753181458,0,0.573890209197998,39.847059786744225,-59,-41,889,237,64,334,808,6
-2,-1,-1.5800000429153442,-0.7900000214576721,0,0.5818881988525391,39.02816342831905,-58,-41,889,237,64,334,808,6
-3,-1,-2.6199998259544373,-0.8733332753181458,0,0.5898392200469971,37.40461079784254,-56,-41,889,237,64,334,808,6
-3,-1,-2.6199998259544373,-0.8733332753181458,0,0.5980632305145264,35.801179930735714,-54,-41,889,237,64,334,808,6
-3,-2,-2.6199998259544373,-1.7466665506362915,0,0.60601806640625,33.60487786742691,-52,-40,889,237,64,334,808,6
-4,-1,-3.680000066757202,-0.9200000166893005,0,0.6140620708465576,31.25345840347388,-49,-40,889,237,64,334,808,6
-4,-2,-3.680000066757202,-1.840000033378601,0,0.622326135635376,28.307545133258408,-46,-39,889,237,64,334,808,6
-4,-1,-3.680000066757202,-0.9200000166893005,0,0.6300921440124512,26.051701094799967,-43,-39,889,237,64,334,808,6
-4,-2,-3.680000066757202,-1.840000033378601,0,0.637869119644165,23.17245689653489,-40,-38,889,237,64,334,808,6
-5,-1,-5.0599998235702515,-1.0119999647140503,0,0.6458661556243896,18.931326312987373,-35,-37,889,237,64,334,808,6
-4,-1,-3.680000066757202,-0.9200000166893005,0,0.6539280414581299,16.918299234540036,-32,-37,889,237,64,334,808,6
-4,0,-3.680000066757202,-0.0,0,0.6618621349334717,15.010637094172637,-29,-37,889,237,64,334,808,6
-2,-1,-1.5800000429153442,-0.7900000214576721,0,0.6699130535125732,14.400431032480725,-28,-37,889,237,64,334,808,6
-2,0,-1.5800000429153442,-0.0,0,0.6779470443725586,13.803929962395145,-27,-37,889,237,64,334,808,6
-2,0,-1.5800000429153442,-0.0,0,0.6857192516326904,13.221676218380054,-26,-37,889,237,64,334,808,6
0,0,-0.0,-0.0,1,0.6877431869506836,13.221676218380054,-26,-37,889,237,64,334,808,6
-1,0,-0.6899999976158142,-0.0,1,-0.0001804828643798828,757.8843538935467,496,577,1411,851,6,915,274,7
-1,0,-0.6899999976158142,-0.0,1,0.00798940658569336,757.8843538935467,496,577,1411,851,6,915,274,7
-1,0,-0.6899999976158142,-0.0,1,0.015871524810791016,757.8843538935467,496,577,1411,851,6,915,274,7
-1,0,-0.6899999976158142,-0.0,1,0.02407240867614746,757.8843538935467,496,577,1411,851,6,915,274,7
-1,0,-0.6899999976158142,-0.0,1,0.03192758560180664,757.8843538935467,496,577,1411,851,6,915,274,7
0,0,-0.0,-0.0,0,0.08955049514770508,757.8843538935467,496,577,1411,851,6,915,274,7
0,1,-0.0,0.6899999976158142,0,0.11203551292419434,757.8843538935467,496,577,1411,851,6,915,274,7
0,2,-0.0,1.5800000429153442,0,0.12000656127929688,757.126305294061,496,576,1411,851,6,915,274,7
1,2,0.7900000214576721,1.5800000429153442,0,0.1278514862060547,756.3688168472551,496,575,1411,851,6,915,274,7
1,2,0.7900000214576721,1.5800000429153442,0,0.1359724998474121,755.6118902310983,496,574,1411,851,6,915,274,7
1,2,0.7900000214576721,1.5800000429153442,0,0.14440345764160156,754.8555271290169,496,573,1411,851,6,915,274,7
2,3,1.7466665506362915,2.6199998259544373,0,0.15214037895202637,752.6890895070538,495,571,1411,851,6,915,274,7
1,2,0.7900000214576721,1.5800000429153442,0,0.15981435775756836,751.9337719296972,495,570,1411,851,6,915,274,7
1,5,1.0119999647140503,5.0599998235702515,0,0.16789555549621582,747.5071618579,494,565,1411,851,6,915,274,7
2,4,1.840000033378601,3.680000066757202,0,0.17598557472229004,744.5914659759031,493,562,1411,851,6,915,274,7
3,6,3.3350000381469727,6.670000076293945,0,0.18413043022155762,738.1045810140429,490,556,1411,851,6,915,274,7
3,7,3.5400002002716064,8.260000467300415,0,0.19220757484436035,730.1255008523439,487,548,1411,851,6,915,274,7
6,9,7.835999965667725,11.753999948501587,0,0.20007658004760742,717.2562044161785,480,537,1411,851,6,915,274,7
7,9,9.322726726531982,11.986362934112549,0,0.20806455612182617,703.0573631086925,471,526,1411,851,6,915,274,7
8,10,10.833333015441895,13.541666269302368,0,0.21649456024169922,686.7028345599284,461,513,1411,851,6,915,274,7
12,13,21.30353021621704,23.078824400901794,0,0.22406959533691406,655.5590330410782,440,490,1411,851,6,915,274,7
15,14,30.067498683929443,28.06299877166748,0,0.2322545051574707,614.692480122593,410,462,1411,851,6,915,274,7
14,11,24.854118585586548,19.528236031532288,0,0.23996853828430176,584.5755270601389,386,443,1411,851,6,915,274,7
13,11,23.078824400901794,19.528236031532288,0,0.24824953079223633,555.1621628165062,363,424,1411,851,6,915,274,7
13,10,21.839999318122864,16.799999475479126,0,0.2558314800262451,529.379563845195,342,408,1411,851,6,915,274,7
12,10,18.871999740600586,15.726666450500488,0,0.26392436027526855,506.33780539048934,324,393,1411,851,6,915,274,7
12,10,18.871999740600586,15.726666450500488,0,0.2726144790649414,483.33321909982664,306,378,1411,851,6,915,274,7
13,10,21.839999318122864,16.799999475479126,0,0.27996253967285156,457.7266000569101,285,362,1411,851,6,915,274,7
12,9,18.871999740600586,14.15399980545044,0,0.2881793975830078,435.62626460347764,267,348,1411,851,6,915,274,7
11,9,15.92642855644226,13.030714273452759,0,0.2959315776824951,416.2004293890931,252,335,1411,851,6,915,274,7
10,9,13.730769157409668,12.357692241668701,0,0.303882360458374,398.8084120572888,239,323,1411,851,6,915,274,7
10,11,14.47857141494751,15.92642855644226,0,0.3121004104614258,378.4302033137911,225,308,1411,851,6,915,274,7
9,13,14.15399980545044,20.444666385650635,0,0.32004356384277344,354.0224082603219,211,288,1411,851,6,915,274,7
9,12,14.15399980545044,18.871999740600586,0,0.32884955406188965,331.22896343674347,197,270,1411,851,6,915,274,7
7,12,9.611538410186768,16.4769229888916,0,0.335890531539917,313.0063290505429,188,254,1411,851,6,915,274,7
7,10,9.479166388511658,13.541666269302368,0,0.34383344650268555,297.2032644725903,179,241,1411,851,6,915,274,7
7,10,9.479166388511658,13.541666269302368,0,0.3521254062652588,281.40112517358295,170,228,1411,851,6,915,274,7
7,9,9.322726726531982,11.986362934112549,0,0.36010241508483887,267.20362691866296,161,217,1411,851,6,915,274,7
8,10,10.833333015441895,13.541666269302368,0,0.367889404296875,250.80504329110562,151,204,1411,851,6,915,274,7
8,8,10.654544830322266,10.654544830322266,0,0.3760364055633545,236.82702099638396,141,194,1411,851,6,915,274,7
8,8,10.654544830322266,10.654544830322266,0,0.3840484619140625,222.86943130932968,131,184,1411,851,6,915,274,7
7,7,8.913333177566528,8.913333177566528,0,0.39226436614990234,211.72074888095935,123,176,1411,851,6,915,274,7
7,8,9.141999959945679,10.447999954223633,0,0.39998841285705566,198.37527157027003,114,166,1411,851,6,915,274,7
8,7,10.447999954223633,9.141999959945679,0,0.4082214832305908,185.32153355365392,104,157,1411,851,6,915,274,7
7,8,9.141999959945679,10.447999954223633,0,0.41615748405456543,172.025712396779,95,147,1411,851,6,915,274,7
7,7,8.913333177566528,8.913333177566528,0,0.42411255836486816,160.98170629676957,87,139,1411,851,6,915,274,7
5,6,5.900000333786011,7.080000400543213,0,0.4320054054260254,152.3962676514465,82,132,1411,851,6,915,274,7
5,5,5.900000333786011,5.900000333786011,0,0.4401395320892334,145.51935900750448,77,127,1411,851,6,915,274,7
3,5,3.035999894142151,5.0599998235702515,0,0.448061466217041,139.68847185389575,74,122,1411,851,6,915,274,7
2,5,2.0239999294281006,5.0599998235702515,0,0.45620155334472656,134.37903770226373,72,117,1411,851,6,915,274,7
1,4,0.9200000166893005,3.680000066757202,0,0.46405744552612305,131.8332303254654,72,114,1411,851,6,915,274,7
1,4,0.9200000166893005,3.680000066757202,0,0.47226953506469727,129.30646242719968,72,111,1411,851,6,915,274,7
1,3,0.8733332753181458,2.6199998259544373,0,0.4799644947052002,127.6330739131557,72,109,1411,851,6,915,274,7
1,3,0.8733332753181458,2.6199998259544373,0,0.4881014823913574,125.96898852049665,72,107,1411,851,6,915,274,7
1,4,0.9200000166893005,3.680000066757202,0,0.4959855079650879,123.49110640673517,72,104,1411,851,6,915,274,7
2,4,1.840000033378601,3.680000066757202,0,0.5040674209594727,120.45849504995596,71,101,1411,851,6,915,274,7
1,5,1.0119999647140503,5.0599998235702515,0,0.5120353698730469,115.81077392223317,70,96,1411,851,6,915,274,7
2,5,2.0239999294281006,5.0599998235702515,0,0.5199184417724609,110.6001760562016,68,91,1411,851,6,915,274,7
1,6,1.1116666793823242,6.670000076293945,0,0.5280895233154297,105.23123393919151,67,85,1411,851,6,915,274,7
2,5,2.0239999294281006,5.0599998235702515,0,0.5361363887786865,100.07764064044152,65,80,1411,851,6,915,274,7
1,4,0.9200000166893005,3.680000066757202,0,0.5440375804901123,97.7670581092849,65,77,1411,851,6,915,274,7
2,4,1.840000033378601,3.680000066757202,0,0.5520155429840088,94.83659846908007,64,74,1411,851,6,915,274,7
1,4,0.9200000166893005,3.680000066757202,0,0.5617284774780273,92.58765610684259,64,71,1411,851,6,915,274,7
2,5,2.0239999294281006,5.0599998235702515,0,0.5679595470428467,87.55385138137417,62,66,1411,851,6,915,274,7
2,5,2.0239999294281006,5.0599998235702515,0,0.5759515762329102,82.56284240252891,60,61,1411,851,6,915,274,7
1,4,0.9200000166893005,3.680000066757202,0,0.5839345455169678,80.45058418010026,60,58,1411,851,6,915,274,7
1,4,0.9200000166893005,3.680000066757202,0,0.5920095443725586,78.39410298049853,60,55,1411,851,6,915,274,7
2,4,1.840000033378601,3.680000066757202,0,0.6000664234161377,75.64477096412705,59,52,1411,851,6,915,274,7
2,3,1.7466665506362915,2.6199998259544373,0,0.6080825328826904,73.57675887630658,58,50,1411,851,6,915,274,7
2,3,1.7466665506362915,2.6199998259544373,0,0.6161375045776367,71.51845409024533,57,48,1411,851,6,915,274,7
3,4,3.035999894142151,4.047999858856201,0,0.6242005825042725,66.65629906907199,54,44,1411,851,6,915,274,7
3,3,2.7600000500679016,2.7600000500679016,0,0.6320724487304688,63.84309986827361,52,42,1411,851,6,915,274,7
3,3,2.7600000500679016,2.7600000500679016,0,0.6401455402374268,61.031242374328485,50,40,1411,851,6,915,274,7
3,4,3.035999894142151,4.047999858856201,0,0.6479954719543457,56.20304046246274,47,36,1411,851,6,915,274,7
4,5,4.446666717529297,5.558333396911621,0,0.6559934616088867,50.009433122794285,43,31,1411,851,6,915,274,7
4,3,4.047999858856201,3.035999894142151,0,0.6640875339508057,45.010415536631214,39,28,1411,851,6,915,274,7
3,4,3.035999894142151,4.047999858856201,0,0.672006368637085,40.266615305567875,36,24,1411,851,6,915,274,7
4,2,3.680000066757202,1.840000033378601,0,0.6798274517059326,37.22437072223753,33,23,1411,851,6,915,274,7
3,3,2.7600000500679016,2.7600000500679016,0,0.6879684925079346,34.44329045369811,31,21,1411,851,6,915,274,7
4,3,4.047999858856201,3.035999894142151,0,0.6958444118499756,29.449961479175904,27,18,1411,851,6,915,274,7
3,2,2.6199998259544373,1.7466665506362915,0,0.7039973735809326,27.23243291566195,25,17,1411,851,6,915,274,7
4,2,3.680000066757202,1.840000033378601,0,0.7122604846954346,24.202941017470888,22,16,1411,851,6,915,274,7
2,1,1.5800000429153442,0.7900000214576721,0,0.7200284004211426,23.40075756488817,21,16,1411,851,6,915,274,7
2,2,1.5800000429153442,1.5800000429153442,0,0.7280335426330566,22.0,20,15,1411,851,6,915,274,7
1,0,0.6899999976158142,-0.0,0,0.7359035015106201,22.0,20,15,1411,851,6,915,274,7
1,2,0.7900000214576721,1.5800000429153442,0,0.7439744472503662,21.413111231467404,20,14,1411,851,6,915,274,7
1,0,0.6899999976158142,-0.0,0,0.7520954608917236,21.413111231467404,20,14,1411,851,6,915,274,7
1,2,0.7900000214576721,1.5800000429153442,0,0.7600295543670654,20.853720883753127,20,13,1411,851,6,915,274,7
2,1,1.5800000429153442,0.7900000214576721,0,0.7680015563964844,20.021728866442675,19,13,1411,851,6,915,274,7
0,1,-0.0,0.6899999976158142,0,0.7760014533996582,20.021728866442675,19,13,1411,851,6,915,274,7
2,1,1.5800000429153442,0.7900000214576721,0,0.7840385437011719,19.20360331117452,18,13,1411,851,6,915,274,7
2,2,1.5800000429153442,1.5800000429153442,0,0.7922375202178955,17.808652046684813,17,12,1411,851,6,915,274,7
2,1,1.5800000429153442,0.7900000214576721,0,0.7998864650726318,17.0,16,12,1411,851,6,915,274,7
2,1,1.5800000429153442,0.7900000214576721,0,0.8080344200134277,16.209372712298546,15,12,1411,851,6,915,274,7
2,0,1.5800000429153442,-0.0,0,0.8159315586090088,15.439088914585774,14,12,1411,851,6,915,274,7
2,1,1.5800000429153442,0.7900000214576721,0,0.824237585067749,14.691806012954132,13,12,1411,851,6,915,274,7
1,0,0.6899999976158142,-0.0,0,0.8319804668426514,14.691806012954132,13,12,1411,851,6,915,274,7
2,1,1.5800000429153442,0.7900000214576721,0,0.8402535915374756,13.970562748477139,12,12,1411,851,6,915,274,7
3,1,2.6199998259544373,0.8733332753181458,0,0.8481624126434326,12.620499351813308,10,12,1411,851,6,915,274,7
2,1,1.5800000429153442,0.7900000214576721,0,0.8561055660247803,12.0,9,12,1411,851,6,915,274,7
3,2,2.6199998259544373,1.7466665506362915,0,0.8639905452728271,10.038404810405298,7,11,1411,851,6,915,274,7
3,2,2.6199998259544373,1.7466665506362915,0,0.8720765113830566,8.180339887498949,5,10,1411,851,6,915,274,7
3,3,2.7600000500679016,2.7600000500679016,0,0.8798325061798096,5.54400374531753,3,8,1411,851,6,915,274,7
3,2,2.6199998259544373,1.7466665506362915,0,0.8881044387817383,4.0710678118654755,1,7,1411,851,6,915,274,7
3,2,2.6199998259544373,1.7466665506362915,0,0.8958494663238525,3.0827625302982193,-1,6,1411,851,6,915,274,7
2,1,1.5800000429153442,0.7900000214576721,0,0.9041144847869873,3.324555320336759,-2,6,1411,851,6,915,274,7
2,2,1.5800000429153442,1.5800000429153442,0,0.9120774269104004,2.8309518948453007,-3,5,1411,851,6,915,274,7
1,1,0.6899999976158142,0.6899999976158142,0,0.9200344085693359,2.8309518948453007,-3,5,1411,851,6,915,274,7
1,1,0.6899999976158142,0.6899999976158142,0,0.9280223846435547,2.8309518948453007,-3,5,1411,851,6,915,274,7
1,0,0.6899999976158142,-0.0,0,0.9441835880279541,2.8309518948453007,-3,5,1411,851,6,915,274,7
0,1,-0.0,0.6899999976158142,0,0.9520134925842285,2.8309518948453007,-3,5,1411,851,6,915,274,7
0,1,-0.0,0.6899999976158142,0,1.0479273796081543,2.8309518948453007,-3,5,1411,851,6,915,274,7
0,2,-0.0,1.5800000429153442,0,1.0640153884887695,2.0,-3,4,1411,851,6,915,274,7
0,0,-0.0,-0.0,1,1.0682804584503174,2.0,-3,4,1411,851,6,915,274,7
0,1,-0.0,0.6899999976158142,1,-0.0009472370147705078,604.2420170061656,359,-518,1773,329,52,1414,847,8
0,1,-0.0,0.6899999976158142,1,0.007313728332519531,604.2420170061656,359,-518,1773,329,52,1414,847,8
0,1,-0.0,0.6899999976158142,1,0.0391848087310791,604.2420170061656,359,-518,1773,329,52,1414,847,8
0,0,-0.0,-0.0,0,0.0623776912689209,604.2420170061656,359,-518,1773,329,52,1414,847,8
2,-2,1.5800000429153442,-1.5800000429153442,0,0.18307280540466309,602.8505386814899,358,-517,1773,329,52,1414,847,8
2,-4,1.840000033378601,-3.680000066757202,0,0.19124484062194824,599.8154680095404,357,-514,1773,329,52,1414,847,8
3,-6,3.3350000381469727,-6.670000076293945,0,0.19911885261535645,593.1768729531167,354,-508,1773,329,52,1414,847,8
3,-7,3.5400002002716064,-8.260000467300415,0,0.20719575881958008,584.9017924347579,351,-500,1773,329,52,1414,847,8
2,-9,2.5466666221618652,-11.459999799728394,0,0.21513867378234863,574.7678420155327,349,-489,1773,329,52,1414,847,8
2,-11,2.6636362075805664,-14.649999141693115,0,0.22310280799865723,562.2465469511912,347,-475,1773,329,52,1414,847,8
1,-12,1.3541666269302368,-16.249999523162842,0,0.23112273216247559,548.8017049383204,346,-459,1773,329,52,1414,847,8
1,-16,1.6799999475479126,-26.8799991607666,0,0.23922967910766602,527.6370652331724,345,-433,1773,329,52,1414,847,8
1,-15,1.5726666450500488,-23.589999675750732,0,0.24726581573486328,509.1971599326738,344,-410,1773,329,52,1414,847,8
4,-13,5.492307662963867,-17.84999990463257,0,0.2552206516265869,493.0086704478067,339,-393,1773,329,52,1414,847,8
7,-9,9.322726726531982,-11.986362934112549,0,0.2631688117980957,478.80095087073676,330,-382,1773,329,52,1414,847,8
8,-9,10.833333015441895,-12.187499642372131,0,0.27121782302856445,463.18299234540035,320,-370,1773,329,52,1414,847,8
8,-7,10.447999954223633,-9.141999959945679,0,0.2792837619781494,449.83715701907937,310,-361,1773,329,52,1414,847,8
7,-7,8.913333177566528,-8.913333177566528,0,0.2872188091278076,438.5567780153466,302,-353,1773,329,52,1414,847,8
9,-8,12.187499642372131,-10.833333015441895,0,0.295163631439209,423.16478045367717,290,-343,1773,329,52,1414,847,8
10,-8,13.541666269302368,-10.833333015441895,0,0.3029966354370117,407.14893512509065,277,-333,1773,329,52,1414,847,8
11,-10,15.92642855644226,-14.47857141494751,0,0.3112647533416748,386.8014050363685,262,-319,1773,329,52,1414,847,8
12,-11,20.15999937057495,-18.47999942302704,0,0.319199800491333,360.21884987659524,242,-301,1773,329,52,1414,847,8
12,-12,20.15999937057495,-20.15999937057495,0,0.3271927833557129,332.11311062288684,222,-281,1773,329,52,1414,847,8
14,-13,27.1010525226593,-25.165263056755066,0,0.3350038528442383,295.8089495337257,195,-256,1773,329,52,1414,847,8
15,-13,29.036841988563538,-25.165263056755066,0,0.3430488109588623,258.4591359053177,166,-231,1773,329,52,1414,847,8
16,-12,32.071998596191406,-24.053998947143555,0,0.3511357307434082,220.5866987491418,134,-207,1773,329,52,1414,847,8
14,-10,24.854118585586548,-17.752941846847534,0,0.3591318130493164,193.5449840010015,110,-190,1773,329,52,1414,847,8
12,-8,17.37428569793701,-11.582857131958008,0,0.3671226501464844,175.71762441591463,93,-179,1773,329,52,1414,847,8
12,-8,17.37428569793701,-11.582857131958008,0,0.3752586841583252,158.39088914585776,76,-168,1773,329,52,1414,847,8
10,-8,13.541666269302368,-10.833333015441895,0,0.38312768936157227,144.09703113223347,63,-158,1773,329,52,1414,847,8
8,-6,10.447999954223633,-7.835999965667725,0,0.3916206359863281,134.0312469488381,53,-151,1773,329,52,1414,847,8
7,-7,8.913333177566528,-8.913333177566528,0,0.3991408348083496,123.91330828182001,45,-143,1773,329,52,1414,847,8
6,-9,7.835999965667725,-11.753999948501587,0,0.40728282928466797,111.3608386695422,38,-132,1773,329,52,1414,847,8
6,-7,7.639999866485596,-8.913333177566528,0,0.4150357246398926,101.81627439414747,31,-124,1773,329,52,1414,847,8
6,-6,7.394999742507935,-7.394999742507935,0,0.42319369316101074,93.4361754243663,24,-117,1773,329,52,1414,847,8
5,-4,5.558333396911621,-4.446666717529297,0,0.43112874031066895,88.58621208504974,19,-113,1773,329,52,1414,847,8
4,-4,4.047999858856201,-4.047999858856201,0,0.43920183181762695,84.0272693471941,15,-109,1773,329,52,1414,847,8
4,-3,4.047999858856201,-3.035999894142151,0,0.4472177028656006,80.56922632730333,11,-106,1773,329,52,1414,847,8
3,-3,2.7600000500679016,-2.7600000500679016,0,0.4551408290863037,78.38869670610895,9,-104,1773,329,52,1414,847,8
2,-4,1.840000033378601,-3.680000066757202,0,0.4632377624511719,75.31633629380802,8,-101,1773,329,52,1414,847,8
2,-3,1.7466665506362915,-2.6199998259544373,0,0.47104477882385254,73.24716620639605,7,-99,1773,329,52,1414,847,8
2,-3,1.7466665506362915,-2.6199998259544373,0,0.47919774055480957,71.18538984847466,6,-97,1773,329,52,1414,847,8
0,-3,-0.0,-2.6199998259544373,0,0.48705077171325684,69.1892851112981,6,-95,1773,329,52,1414,847,8
1,-4,0.9200000166893005,-3.680000066757202,0,0.49521684646606445,66.19544457292888,6,-92,1773,329,52,1414,847,8
1,-5,1.0119999647140503,-5.0599998235702515,0,0.5031378269195557,61.143559716137375,5,-87,1773,329,52,1414,847,8
0,-5,-0.0,-5.0599998235702515,0,0.5113706588745117,56.152297594163485,5,-82,1773,329,52,1414,847,8
0,-4,-0.0,-3.680000066757202,0,0.5193767547607422,53.1580697086532,5,-79,1773,329,52,1414,847,8
1,-5,1.0119999647140503,-5.0599998235702515,0,0.527397632598877,48.10802925459562,4,-74,1773,329,52,1414,847,8
1,-4,0.9200000166893005,-3.680000066757202,0,0.5352616310119629,45.11258679024411,4,-71,1773,329,52,1414,847,8
1,-6,1.1116666793823242,-6.670000076293945,0,0.5434308052062988,39.06919393998976,3,-65,1773,329,52,1414,847,8
1,-4,0.9200000166893005,-3.680000066757202,0,0.5511956214904785,36.07253821135398,3,-62,1773,329,52,1414,847,8
2,-5,2.0239999294281006,-5.0599998235702515,0,0.5593447685241699,31.008771254956898,1,-57,1773,329,52,1414,847,8
0,-5,-0.0,-5.0599998235702515,0,0.5670478343963623,26.009614495783374,1,-52,1773,329,52,1414,847,8
1,-3,0.8733332753181458,-2.6199998259544373,0,0.5751597881317139,24.009999000199947,1,-50,1773,329,52,1414,847,8
0,-4,-0.0,-3.680000066757202,0,0.583148717880249,21.010637094172637,1,-47,1773,329,52,1414,847,8
0,-3,-0.0,-2.6199998259544373,0,0.5912356376647949,19.0111097397076,1,-45,1773,329,52,1414,847,8
0,-3,-0.0,-2.6199998259544373,0,0.599097728729248,17.011626335213137,1,-43,1773,329,52,1414,847,8
1,-3,0.8733332753181458,-2.6199998259544373,0,0.6071276664733887,15.012193308819754,1,-41,1773,329,52,1414,847,8
1,-3,0.8733332753181458,-2.6199998259544373,0,0.6152608394622803,13.01281840626232,1,-39,1773,329,52,1414,847,8
1,-3,0.8733332753181458,-2.6199998259544373,0,0.6231486797332764,11.013511046643494,1,-37,1773,329,52,1414,847,8
1,-3,0.8733332753181458,-2.6199998259544373,0,0.6309797763824463,9.014282800023196,1,-35,1773,329,52,1414,847,8
1,-3,0.8733332753181458,-2.6199998259544373,0,0.6389586925506592,7.015148038438355,1,-33,1773,329,52,1414,847,8
